{"loss": [0.5394514799118042, 0.3893769383430481, 0.34750068187713623, 0.32011911273002625, 0.30542704463005066, 0.2836988568305969, 0.27352339029312134, 0.26030832529067993, 0.2538241446018219, 0.24418430030345917, 0.23482485115528107, 0.22626957297325134, 0.21873372793197632, 0.21103808283805847, 0.2046421319246292, 0.19972334802150726, 0.19215193390846252, 0.19001011550426483, 0.18243233859539032, 0.17689915001392365, 0.1685539186000824, 0.1661023050546646, 0.16508251428604126, 0.15889182686805725, 0.15288668870925903, 0.15008866786956787, 0.14787931740283966, 0.1393788605928421, 0.14161615073680878, 0.1320100873708725], "accuracy": [0.8100833296775818, 0.8589166402816772, 0.8741666674613953, 0.8819166421890259, 0.8862291574478149, 0.8963750004768372, 0.8992499709129333, 0.903291642665863, 0.9054999947547913, 0.9080833196640015, 0.9120208621025085, 0.9149791598320007, 0.9178541898727417, 0.9203958511352539, 0.9222291707992554, 0.9241666793823242, 0.9276875257492065, 0.9273750185966492, 0.9309583306312561, 0.9330000281333923, 0.9359999895095825, 0.9361875057220459, 0.9370833039283752, 0.9390624761581421, 0.9424375295639038, 0.9436874985694885, 0.9439166784286499, 0.9472291469573975, 0.9464791417121887, 0.9493333101272583], "val_loss": [0.4113106429576874, 0.384093314409256, 0.4076867699623108, 0.33733561635017395, 0.3478233516216278, 0.33442696928977966, 0.33740732073783875, 0.3195447325706482, 0.3344231843948364, 0.3398050367832184, 0.3310089409351349, 0.32576191425323486, 0.3273925185203552, 0.33418530225753784, 0.31519728899002075, 0.3278467059135437, 0.33844229578971863, 0.3542381525039673, 0.3396082818508148, 0.34208881855010986, 0.39209941029548645, 0.37936803698539734, 0.3467426300048828, 0.34650719165802, 0.3505358099937439, 0.3555613160133362, 0.3829691708087921, 0.36094990372657776, 0.35965481400489807, 0.40623894333839417], "val_accuracy": [0.8549166917800903, 0.8599166870117188, 0.8521666526794434, 0.8791666626930237, 0.874833345413208, 0.8769999742507935, 0.8790833353996277, 0.8845833539962769, 0.8806666731834412, 0.8804166913032532, 0.8840000033378601, 0.8867499828338623, 0.8834999799728394, 0.8859999775886536, 0.890916645526886, 0.8868333101272583, 0.8912500143051147, 0.8824999928474426, 0.887499988079071, 0.8885833621025085, 0.8762500286102295, 0.8850833177566528, 0.8919166922569275, 0.8924999833106995, 0.8910833597183228, 0.8913333415985107, 0.8922500014305115, 0.8931666612625122, 0.8955833315849304, 0.8890833258628845]}